run_accession	tax_id	scientific_name	library_name	run_alias	fastq_md5	fastq_ftp	sample_alias
SRR3231809	449393	freshwater metagenome	V4_4F1	V4_4F1_CGAGAGTT-ATCGTACG_L001_R1_001.fastq	07a550771b4d2cd9d50104664b5162b5;25ccdd465799589476dfcaf4a8f17b68	ftp.sra.ebi.ac.uk/vol1/fastq/SRR323/009/SRR3231809/SRR3231809_1.fastq.gz;ftp.sra.ebi.ac.uk/vol1/fastq/SRR323/009/SRR3231809/SRR3231809_2.fastq.gz	4F_freshwater
SRR3231810	449393	freshwater metagenome	V4_4F2	V4_4F2_AGACATAG-ATCGTACG_L001_R2_001.fastq	eb78796c059d2a584afc28365c03e59f;f6c6d23d895a591db7d4fccbd88ede9f	ftp.sra.ebi.ac.uk/vol1/fastq/SRR323/000/SRR3231810/SRR3231810_1.fastq.gz;ftp.sra.ebi.ac.uk/vol1/fastq/SRR323/000/SRR3231810/SRR3231810_2.fastq.gz	4F_freshwater
SRR3231811	527639	wastewater metagenome	V4_3W2	V4_3W2_ACGTCTAT-ATCGTACG_L001_R2_001.fastq	0f805f41f976e28f35c8c240b705f3ae;eb0c34ecc7b316e280edc7b365c7f0d6	ftp.sra.ebi.ac.uk/vol1/fastq/SRR323/001/SRR3231811/SRR3231811_1.fastq.gz;ftp.sra.ebi.ac.uk/vol1/fastq/SRR323/001/SRR3231811/SRR3231811_2.fastq.gz	3W_wastewater
SRR3231812	408172	marine metagenome	V8V9_4M3	V8V9_4M3_TCATAGTA-TACGAGAC_L001_R2_001.fastq	4d20f806db3fbc99384269930808a568;82a0f7c43b9cad853fb1b997be6a55f9	ftp.sra.ebi.ac.uk/vol1/fastq/SRR323/002/SRR3231812/SRR3231812_1.fastq.gz;ftp.sra.ebi.ac.uk/vol1/fastq/SRR323/002/SRR3231812/SRR3231812_2.fastq.gz	4M_marine
SRR3231813	408172	marine metagenome	V8V9_5M1	V8V9_5M1_GGACAGAC-TACGAGAC_L001_R2_001.fastq	d2972c55cb9e1421a3bc44e44882ea70;165af6544caed8444908a2295bda100c	ftp.sra.ebi.ac.uk/vol1/fastq/SRR323/003/SRR3231813/SRR3231813_1.fastq.gz;ftp.sra.ebi.ac.uk/vol1/fastq/SRR323/003/SRR3231813/SRR3231813_2.fastq.gz	5M_marine
SRR3231814	408172	marine metagenome	V8V9_5M2	V8V9_5M2_GGATAGTA-TACGAGAC_L001_R2_001.fastq	51b869eaf4254684f52bf644ba1d433b;18d7c5e30de5eed1b7278cdc08519a34	ftp.sra.ebi.ac.uk/vol1/fastq/SRR323/004/SRR3231814/SRR3231814_1.fastq.gz;ftp.sra.ebi.ac.uk/vol1/fastq/SRR323/004/SRR3231814/SRR3231814_2.fastq.gz	5M_marine
SRR3231815	1235509	synthetic metagenome	V8V9_MC11	V8V9_M1_1_CTCGACTT-GATCGTGT_L001_R2_001.fastq	e6fb7727a6955eff0b547e92daaa972b;da78ddeeb107531d104f5bc8b4ff577b	ftp.sra.ebi.ac.uk/vol1/fastq/SRR323/005/SRR3231815/SRR3231815_1.fastq.gz;ftp.sra.ebi.ac.uk/vol1/fastq/SRR323/005/SRR3231815/SRR3231815_2.fastq.gz	MC11
SRR3231816	1235509	synthetic metagenome	V8V9_MC12	V8V9_M1_2_ACGAAGTA-GATCGTGT_L001_R2_001.fastq	c61598ff1c7fc039fe3c549deadfdf29;897f8f318da3dba91fb35a739a1d95f5	ftp.sra.ebi.ac.uk/vol1/fastq/SRR323/006/SRR3231816/SRR3231816_1.fastq.gz;ftp.sra.ebi.ac.uk/vol1/fastq/SRR323/006/SRR3231816/SRR3231816_2.fastq.gz	MC12
SRR3231817	1235509	synthetic metagenome	V8V9_MC13	V8V9_M1_3_ACTAGCAG-GATCGTGT_L001_R2_001.fastq	a96b6e222307c83900c86c188a7b105c;fb54473920cdd7f141b4a1e353d03fd2	ftp.sra.ebi.ac.uk/vol1/fastq/SRR323/007/SRR3231817/SRR3231817_1.fastq.gz;ftp.sra.ebi.ac.uk/vol1/fastq/SRR323/007/SRR3231817/SRR3231817_2.fastq.gz	MC13
SRR3231818	1235509	synthetic metagenome	V8V9_MC21	V8V9_M2_1_TTGTCTCT-GATCGTGT_L001_R1_001.fastq	7f653071194b59ca11f6aab5b22241f4;378d0a554d5ddc720234aca954c16c12	ftp.sra.ebi.ac.uk/vol1/fastq/SRR323/008/SRR3231818/SRR3231818_1.fastq.gz;ftp.sra.ebi.ac.uk/vol1/fastq/SRR323/008/SRR3231818/SRR3231818_2.fastq.gz	MC21
SRR3231819	1235509	synthetic metagenome	V8V9_MC22	V8V9_M2_2_GGATGATC-GATCGTGT_L001_R2_001.fastq	41bd95f0c18fe3621dfc5202018f7193;eb2d4608232267cb9f5ded15aa528484	ftp.sra.ebi.ac.uk/vol1/fastq/SRR323/009/SRR3231819/SRR3231819_1.fastq.gz;ftp.sra.ebi.ac.uk/vol1/fastq/SRR323/009/SRR3231819/SRR3231819_2.fastq.gz	MC22
SRR3231820	1235509	synthetic metagenome	V8V9_MC23	V8V9_M2_3_TCATAGTA-GATCGTGT_L001_R1_001.fastq	fcdcaf4083266ffabb9197b6325437ed;6458627937ba5196cd03447a7cd1fcfd	ftp.sra.ebi.ac.uk/vol1/fastq/SRR323/000/SRR3231820/SRR3231820_1.fastq.gz;ftp.sra.ebi.ac.uk/vol1/fastq/SRR323/000/SRR3231820/SRR3231820_2.fastq.gz	MC23
SRR3231821	1235509	synthetic metagenome	V8V9_MC31	V8V9_M3_1_GGACAGAC-GATCGTGT_L001_R1_001.fastq	dab2c05d0cd44beacc2033a00983072b;efd1e4a4726d8ed77095a7b6ab4713fd	ftp.sra.ebi.ac.uk/vol1/fastq/SRR323/001/SRR3231821/SRR3231821_1.fastq.gz;ftp.sra.ebi.ac.uk/vol1/fastq/SRR323/001/SRR3231821/SRR3231821_2.fastq.gz	MC31
SRR3231822	527639	wastewater metagenome	V4_3W3	V4_3W3_CGGTATAG-ATCGTACG_L001_R1_001.fastq	1fdb5391ec0f706889f741569d84b141;0eda5f6d9807f7957cc6aa6492d84d13	ftp.sra.ebi.ac.uk/vol1/fastq/SRR323/002/SRR3231822/SRR3231822_1.fastq.gz;ftp.sra.ebi.ac.uk/vol1/fastq/SRR323/002/SRR3231822/SRR3231822_2.fastq.gz	3W_wastewater
SRR3231823	1235509	synthetic metagenome	V8V9_MC32	V8V9_M3_2_GGATAGTA-GATCGTGT_L001_R2_001.fastq	1d2203d405223394b1f388ca9892d585;f6bac98c69d40e1e7b2d94de09eeb0ae	ftp.sra.ebi.ac.uk/vol1/fastq/SRR323/003/SRR3231823/SRR3231823_1.fastq.gz;ftp.sra.ebi.ac.uk/vol1/fastq/SRR323/003/SRR3231823/SRR3231823_2.fastq.gz	MC32
SRR3231824	1235509	synthetic metagenome	V8V9_MC33	V8V9_M3_3_GCGTATAC-GATCGTGT_L001_R2_001.fastq	383b229a1ff027e99707cc001736392e;873bbe53224f2cc4273d842de60c9e6f	ftp.sra.ebi.ac.uk/vol1/fastq/SRR323/004/SRR3231824/SRR3231824_1.fastq.gz;ftp.sra.ebi.ac.uk/vol1/fastq/SRR323/004/SRR3231824/SRR3231824_2.fastq.gz	MC33
SRR3231826	1235509	synthetic metagenome	V8V9_MC41	V8V9_M4_1_ATGCTCGT-GATCGTGT_L001_R2_001.fastq	5ffdd1c97fcdf0a28c71060d5c3f8d7a;0c4eb8e818718fea9991f22ec9e1c885	ftp.sra.ebi.ac.uk/vol1/fastq/SRR323/006/SRR3231826/SRR3231826_1.fastq.gz;ftp.sra.ebi.ac.uk/vol1/fastq/SRR323/006/SRR3231826/SRR3231826_2.fastq.gz	MC41
SRR3231837	1235509	synthetic metagenome	V8V9_MC42	V8V9_M4_2_TGAACGCT-GATCGTGT_L001_R2_001.fastq	3b66f430c124c812fe288ad34514a472;3828b4bb3ab6bfa33773289010ae9e5c	ftp.sra.ebi.ac.uk/vol1/fastq/SRR323/007/SRR3231837/SRR3231837_1.fastq.gz;ftp.sra.ebi.ac.uk/vol1/fastq/SRR323/007/SRR3231837/SRR3231837_2.fastq.gz	MC42
SRR3231838	1235509	synthetic metagenome	V8V9_MC43	V8V9_M4_3_ACTCGTAG-GATCGTGT_L001_R2_001.fastq	b1d1baba7886bca49e4482151b30f719;c4f835f62d002099410fbc992c59301b	ftp.sra.ebi.ac.uk/vol1/fastq/SRR323/008/SRR3231838/SRR3231838_1.fastq.gz;ftp.sra.ebi.ac.uk/vol1/fastq/SRR323/008/SRR3231838/SRR3231838_2.fastq.gz	MC43
SRR3231839	1235509	synthetic metagenome	V8V9_MC51	V8V9_M5_1_CTCGACTT-GTCAGATA_L001_R2_001.fastq	d650ce90eaa05651950b76d063f0b31a;79b3b08af100a7bfe4a7377efef9550e	ftp.sra.ebi.ac.uk/vol1/fastq/SRR323/009/SRR3231839/SRR3231839_1.fastq.gz;ftp.sra.ebi.ac.uk/vol1/fastq/SRR323/009/SRR3231839/SRR3231839_2.fastq.gz	MC51
SRR3231840	1235509	synthetic metagenome	V8V9_MC52	V8V9_M5_2_ACGAAGTA-GTCAGATA_L001_R2_001.fastq	10f9434b7a3eb9e3a4f4ee0291cb11da;6dee5795b10d0600e0e4c16704f9fd01	ftp.sra.ebi.ac.uk/vol1/fastq/SRR323/000/SRR3231840/SRR3231840_1.fastq.gz;ftp.sra.ebi.ac.uk/vol1/fastq/SRR323/000/SRR3231840/SRR3231840_2.fastq.gz	MC52
SRR3231841	1235509	synthetic metagenome	V8V9_MC53	V8V9_M5_3_ACTAGCAG-GTCAGATA_L001_R1_001.fastq	006cee97c6338de9935fb6262c046f24;e2c6212796fbdbff3913049df5af9c0a	ftp.sra.ebi.ac.uk/vol1/fastq/SRR323/001/SRR3231841/SRR3231841_1.fastq.gz;ftp.sra.ebi.ac.uk/vol1/fastq/SRR323/001/SRR3231841/SRR3231841_2.fastq.gz	MC53
SRR3231842	1235509	synthetic metagenome	V8V9_MC61	V8V9_M6_1_TTGTCTCT-GTCAGATA_L001_R1_001.fastq	548a4910273d7105e055ab7f7b2479df;ff6593ca9853e5104db96d22ab24ff7c	ftp.sra.ebi.ac.uk/vol1/fastq/SRR323/002/SRR3231842/SRR3231842_1.fastq.gz;ftp.sra.ebi.ac.uk/vol1/fastq/SRR323/002/SRR3231842/SRR3231842_2.fastq.gz	MC61
SRR3231843	1235509	synthetic metagenome	V8V9_MC62	V8V9_M6_2_GGATGATC-GTCAGATA_L001_R2_001.fastq	dbdc0437d0ce63eeb6e7cd54023cae04;79e6d8101bfb61a95909a7f0f244064d	ftp.sra.ebi.ac.uk/vol1/fastq/SRR323/003/SRR3231843/SRR3231843_1.fastq.gz;ftp.sra.ebi.ac.uk/vol1/fastq/SRR323/003/SRR3231843/SRR3231843_2.fastq.gz	MC62
SRR3231844	527639	wastewater metagenome	V4_4W1	V4_4W1_CGAGAGTT-ACTATCTG_L001_R2_001.fastq	927e5220b02c118dd363290b396b3c6c;336623f5ff584040de8f9dc1f12ea3a0	ftp.sra.ebi.ac.uk/vol1/fastq/SRR323/004/SRR3231844/SRR3231844_1.fastq.gz;ftp.sra.ebi.ac.uk/vol1/fastq/SRR323/004/SRR3231844/SRR3231844_2.fastq.gz	4W_wastewater
SRR3231845	1235509	synthetic metagenome	V8V9_MC63	V8V9_M6_3_TCATAGTA-GTCAGATA_L001_R1_001.fastq	a45e9e5dfd55b12658314588a407fd12;b440480af923ed628437b9ede54dff89	ftp.sra.ebi.ac.uk/vol1/fastq/SRR323/005/SRR3231845/SRR3231845_1.fastq.gz;ftp.sra.ebi.ac.uk/vol1/fastq/SRR323/005/SRR3231845/SRR3231845_2.fastq.gz	MC63
SRR3231846	1235509	synthetic metagenome	V8V9_MC71	V8V9_M7_1_GGACAGAC-GTCAGATA_L001_R2_001.fastq	eda04ad9b69f74e4273a318e6fea4e1d;4fb4eafa5ac29a6276ee343fc4f3a4b0	ftp.sra.ebi.ac.uk/vol1/fastq/SRR323/006/SRR3231846/SRR3231846_1.fastq.gz;ftp.sra.ebi.ac.uk/vol1/fastq/SRR323/006/SRR3231846/SRR3231846_2.fastq.gz	MC71
SRR3231847	1235509	synthetic metagenome	V8V9_MC72	V8V9_M7_2_GGATAGTA-GTCAGATA_L001_R2_001.fastq	7dc1465ee6dfceeb31eb02dd21854e74;683f6a77d615c83ea23ea8b3fdfc5827	ftp.sra.ebi.ac.uk/vol1/fastq/SRR323/007/SRR3231847/SRR3231847_1.fastq.gz;ftp.sra.ebi.ac.uk/vol1/fastq/SRR323/007/SRR3231847/SRR3231847_2.fastq.gz	MC72
SRR3231848	1235509	synthetic metagenome	V8V9_MC73	V8V9_M7_3_GCGTATAC-GTCAGATA_L001_R2_001.fastq	65ad36add79cf020560e813e7e410252;afc399ec4819978585e351e713d2d478	ftp.sra.ebi.ac.uk/vol1/fastq/SRR323/008/SRR3231848/SRR3231848_1.fastq.gz;ftp.sra.ebi.ac.uk/vol1/fastq/SRR323/008/SRR3231848/SRR3231848_2.fastq.gz	MC73
SRR3231849	527639	wastewater metagenome	V4_4W2	V4_4W2_AGACATAG-ACTATCTG_L001_R2_001.fastq	9b55f8651615234b79241d1cfc096054;88be3a5651641f4a33382bc255a8a269	ftp.sra.ebi.ac.uk/vol1/fastq/SRR323/009/SRR3231849/SRR3231849_1.fastq.gz;ftp.sra.ebi.ac.uk/vol1/fastq/SRR323/009/SRR3231849/SRR3231849_2.fastq.gz	4W_wastewater
SRR3231850	527639	wastewater metagenome	V4_5W1	V4_5W1_TGGACTCA-ACTATCTG_L001_R1_001.fastq	b033e6ac43d04e64c0b7a36fd28d05b9;9fed621216fd8c2a34a67a1442d6b42e	ftp.sra.ebi.ac.uk/vol1/fastq/SRR323/000/SRR3231850/SRR3231850_1.fastq.gz;ftp.sra.ebi.ac.uk/vol1/fastq/SRR323/000/SRR3231850/SRR3231850_2.fastq.gz	5W_wastewater
SRR3231851	527639	wastewater metagenome	V4_5W2	V4_5W2_TGATTGAG-ACTATCTG_L001_R1_001.fastq	9849b53b79a96e94e22c34afed1c8821;05c5c2464e4d4e4fc171a12b0890fb96	ftp.sra.ebi.ac.uk/vol1/fastq/SRR323/001/SRR3231851/SRR3231851_1.fastq.gz;ftp.sra.ebi.ac.uk/vol1/fastq/SRR323/001/SRR3231851/SRR3231851_2.fastq.gz	5W_wastewater
SRR3231852	527639	wastewater metagenome	V4_5W3	V4_5W3_AGGCACTG-ACTATCTG_L001_R1_001.fastq	783590c4f9aa798cdbd9558b15242369;9da055a33732a8ab5b293a50e6bb5eb0	ftp.sra.ebi.ac.uk/vol1/fastq/SRR323/002/SRR3231852/SRR3231852_1.fastq.gz;ftp.sra.ebi.ac.uk/vol1/fastq/SRR323/002/SRR3231852/SRR3231852_2.fastq.gz	5W_wastewater
SRR3231853	527639	wastewater metagenome	V4_6W1	V4_6W1_GCAGTCTA-ACTATCTG_L001_R2_001.fastq	f3fb0cba0e83094ea514a0f0bb47e6d5;b0b4c6ce27eed4e6607ebc007075c425	ftp.sra.ebi.ac.uk/vol1/fastq/SRR323/003/SRR3231853/SRR3231853_1.fastq.gz;ftp.sra.ebi.ac.uk/vol1/fastq/SRR323/003/SRR3231853/SRR3231853_2.fastq.gz	6W_wastewater
SRR3231854	527639	wastewater metagenome	V4_6W2	V4_6W2_GAGCAGGC-ACTATCTG_L001_R2_001.fastq	c6df3cb003fe64bab8c22494139212ba;1c3904b95dd7a2268d8d5c62141cc0b2	ftp.sra.ebi.ac.uk/vol1/fastq/SRR323/004/SRR3231854/SRR3231854_1.fastq.gz;ftp.sra.ebi.ac.uk/vol1/fastq/SRR323/004/SRR3231854/SRR3231854_2.fastq.gz	6W_wastewater
SRR3231855	527639	wastewater metagenome	V4_6W3	V4_6W3_ACTACGAC-ACTATCTG_L001_R2_001.fastq	9d1323571dc2daefaa66e33b92884e15;c50feec241c89270316b5113e3857295	ftp.sra.ebi.ac.uk/vol1/fastq/SRR323/005/SRR3231855/SRR3231855_1.fastq.gz;ftp.sra.ebi.ac.uk/vol1/fastq/SRR323/005/SRR3231855/SRR3231855_2.fastq.gz	6W_wastewater
SRR3231856	449393	freshwater metagenome	V4_4F3	V4_4F3_ACACGCTA-ATCGTACG_L001_R2_001.fastq	0c4e09500fa208e61d90d243f7ab7257;68a251313f87c9c0ffc5b19b249201d0	ftp.sra.ebi.ac.uk/vol1/fastq/SRR323/006/SRR3231856/SRR3231856_1.fastq.gz;ftp.sra.ebi.ac.uk/vol1/fastq/SRR323/006/SRR3231856/SRR3231856_2.fastq.gz	4F_freshwater
SRR3231857	527639	wastewater metagenome	V4_7W1	V4_7W1_AGTCTGCT-ACTATCTG_L001_R1_001.fastq	8b9630d64bff5b945f9e1e6c38770443;ff06fb3dfe26a77a6fa2e445d8d758a3	ftp.sra.ebi.ac.uk/vol1/fastq/SRR323/007/SRR3231857/SRR3231857_1.fastq.gz;ftp.sra.ebi.ac.uk/vol1/fastq/SRR323/007/SRR3231857/SRR3231857_2.fastq.gz	7W_wastewater
SRR3231858	527639	wastewater metagenome	V4_7W2	V4_7W2_ACGTCTAT-ACTATCTG_L001_R2_001.fastq	78a9f02e767932cd53f70dbe8ea9a369;bef88b060edc8f9774cc1be9bf9e1f88	ftp.sra.ebi.ac.uk/vol1/fastq/SRR323/008/SRR3231858/SRR3231858_1.fastq.gz;ftp.sra.ebi.ac.uk/vol1/fastq/SRR323/008/SRR3231858/SRR3231858_2.fastq.gz	7W_wastewater
SRR3231859	527639	wastewater metagenome	V4_8W1	V4_8W1_CGAGAGTT-TAGCGAGT_L001_R1_001.fastq	075b6b032a8b36d4fbae69f92a15d219;ff54a9d7b470ab3d08297083df518d3d	ftp.sra.ebi.ac.uk/vol1/fastq/SRR323/009/SRR3231859/SRR3231859_1.fastq.gz;ftp.sra.ebi.ac.uk/vol1/fastq/SRR323/009/SRR3231859/SRR3231859_2.fastq.gz	8W_wastewater
SRR3231860	527639	wastewater metagenome	V4_8W2	V4_8W2_AGACATAG-TAGCGAGT_L001_R1_001.fastq	546acce0fa6ff76beb44c2449315b193;cc8f4731edc8602da04e18cf96ae2814	ftp.sra.ebi.ac.uk/vol1/fastq/SRR323/000/SRR3231860/SRR3231860_1.fastq.gz;ftp.sra.ebi.ac.uk/vol1/fastq/SRR323/000/SRR3231860/SRR3231860_2.fastq.gz	8W_wastewater
SRR3231861	527639	wastewater metagenome	V4_8W3	V4_8W3_ACACGCTA-TAGCGAGT_L001_R1_001.fastq	26410c5f912c3164fc7a27c612cad572;390b4f0e6b457141b236791cdbef5669	ftp.sra.ebi.ac.uk/vol1/fastq/SRR323/001/SRR3231861/SRR3231861_1.fastq.gz;ftp.sra.ebi.ac.uk/vol1/fastq/SRR323/001/SRR3231861/SRR3231861_2.fastq.gz	8W_wastewater
SRR3231862	527639	wastewater metagenome	V4_9W1	V4_9W1_TGGACTCA-TAGCGAGT_L001_R1_001.fastq	b638d7ae237c8c07ef7ad095be6d2a89;191d101c870a26565f3c9d084608dcc3	ftp.sra.ebi.ac.uk/vol1/fastq/SRR323/002/SRR3231862/SRR3231862_1.fastq.gz;ftp.sra.ebi.ac.uk/vol1/fastq/SRR323/002/SRR3231862/SRR3231862_2.fastq.gz	9W_wastewater
SRR3231863	527639	wastewater metagenome	V4_9W2	V4_9W2_TGATTGAG-TAGCGAGT_L001_R2_001.fastq	6b3e235a3b967e41b8efac92694597ec;533878521babc914fd6752dea953163a	ftp.sra.ebi.ac.uk/vol1/fastq/SRR323/003/SRR3231863/SRR3231863_1.fastq.gz;ftp.sra.ebi.ac.uk/vol1/fastq/SRR323/003/SRR3231863/SRR3231863_2.fastq.gz	9W_wastewater
SRR3231864	527639	wastewater metagenome	V4_9W3	V4_9W3_AGGCACTG-TAGCGAGT_L001_R2_001.fastq	36fffc1198421bc8360209fefe1fd7b4;237d0837631fa6a79d8d1da78df5a752	ftp.sra.ebi.ac.uk/vol1/fastq/SRR323/004/SRR3231864/SRR3231864_1.fastq.gz;ftp.sra.ebi.ac.uk/vol1/fastq/SRR323/004/SRR3231864/SRR3231864_2.fastq.gz	9W_wastewater
SRR3231865	527639	wastewater metagenome	V4_10W1	V4_10W1_GCAGTCTA-TAGCGAGT_L001_R1_001.fastq	d33457752a9105bde800b55baef270e2;f001cab3eee293b420bbf062c8a9589e	ftp.sra.ebi.ac.uk/vol1/fastq/SRR323/005/SRR3231865/SRR3231865_1.fastq.gz;ftp.sra.ebi.ac.uk/vol1/fastq/SRR323/005/SRR3231865/SRR3231865_2.fastq.gz	10W_wastewater
SRR3231866	527639	wastewater metagenome	V4_10W2	V4_10W2_GAGCAGGC-TAGCGAGT_L001_R2_001.fastq	bcf25253ee1281b341a7468547e2f164;3dd8ee4552dd83068464dbfa54b1ee2f	ftp.sra.ebi.ac.uk/vol1/fastq/SRR323/006/SRR3231866/SRR3231866_1.fastq.gz;ftp.sra.ebi.ac.uk/vol1/fastq/SRR323/006/SRR3231866/SRR3231866_2.fastq.gz	10W_wastewater
SRR3231867	449393	freshwater metagenome	V4_5F1	V4_5F1_TGGACTCA-ATCGTACG_L001_R2_001.fastq	4e5a31fe2d896010fe5f48c81db9159c;53b1c8be21ec90600b40cfbab0950b73	ftp.sra.ebi.ac.uk/vol1/fastq/SRR323/007/SRR3231867/SRR3231867_1.fastq.gz;ftp.sra.ebi.ac.uk/vol1/fastq/SRR323/007/SRR3231867/SRR3231867_2.fastq.gz	5F_freshwater
SRR3231868	527639	wastewater metagenome	V4_10W3	V4_10W3_ACTACGAC-TAGCGAGT_L001_R1_001.fastq	92542b2ffdff2838306cd7218ccdc4f4;ace27449d65913ce687a105701592f74	ftp.sra.ebi.ac.uk/vol1/fastq/SRR323/008/SRR3231868/SRR3231868_1.fastq.gz;ftp.sra.ebi.ac.uk/vol1/fastq/SRR323/008/SRR3231868/SRR3231868_2.fastq.gz	10W_wastewater
SRR3231869	408172	marine metagenome	V4_1M1	V4_1M1_AGTCTGCT-TAGCGAGT_L001_R2_001.fastq	da8c5e8b3deb6c1c1161a86eb3f965be;e878ac28a065b997268da7a28ace7cf7	ftp.sra.ebi.ac.uk/vol1/fastq/SRR323/009/SRR3231869/SRR3231869_1.fastq.gz;ftp.sra.ebi.ac.uk/vol1/fastq/SRR323/009/SRR3231869/SRR3231869_2.fastq.gz	1M_marine
SRR3231870	408172	marine metagenome	V4_1M2	V4_1M2_ACGTCTAT-TAGCGAGT_L001_R2_001.fastq	34aa6900b770ac3415129f31aea3c499;5a80ba82a67659c0c14922410c91fe83	ftp.sra.ebi.ac.uk/vol1/fastq/SRR323/000/SRR3231870/SRR3231870_1.fastq.gz;ftp.sra.ebi.ac.uk/vol1/fastq/SRR323/000/SRR3231870/SRR3231870_2.fastq.gz	1M_marine
SRR3231871	408172	marine metagenome	V4_1M3	V4_1M3_CGGTATAG-TAGCGAGT_L001_R1_001.fastq	b3e38683a0fdbedd02c44ea9b5be2245;05b09fe1bce9228d426487b7c929e526	ftp.sra.ebi.ac.uk/vol1/fastq/SRR323/001/SRR3231871/SRR3231871_1.fastq.gz;ftp.sra.ebi.ac.uk/vol1/fastq/SRR323/001/SRR3231871/SRR3231871_2.fastq.gz	1M_marine
SRR3231872	408172	marine metagenome	V4_2M1	V4_2M1_CGAGAGTT-CTGCGTGT_L001_R2_001.fastq	03782162aa50fff466db58e87e386295;9d0eab49138c8e6200625633a4125df4	ftp.sra.ebi.ac.uk/vol1/fastq/SRR323/002/SRR3231872/SRR3231872_1.fastq.gz;ftp.sra.ebi.ac.uk/vol1/fastq/SRR323/002/SRR3231872/SRR3231872_2.fastq.gz	2M_marine
SRR3231873	408172	marine metagenome	V4_2M2	V4_2M2_AGACATAG-CTGCGTGT_L001_R2_001.fastq	8814ebece74fe273c58e2d598bb96ddc;fca7113d8f21c1975baf0b3f2f45857c	ftp.sra.ebi.ac.uk/vol1/fastq/SRR323/003/SRR3231873/SRR3231873_1.fastq.gz;ftp.sra.ebi.ac.uk/vol1/fastq/SRR323/003/SRR3231873/SRR3231873_2.fastq.gz	2M_marine
SRR3231883	408172	marine metagenome	V4_2M3	V4_2M3_ACACGCTA-CTGCGTGT_L001_R2_001.fastq	26bde0fb231c8ee2f83fa9f462f00121;928b87803375c9999aa50aa2569b8131	ftp.sra.ebi.ac.uk/vol1/fastq/SRR323/003/SRR3231883/SRR3231883_1.fastq.gz;ftp.sra.ebi.ac.uk/vol1/fastq/SRR323/003/SRR3231883/SRR3231883_2.fastq.gz	2M_marine
SRR3231884	408172	marine metagenome	V4_4M1	V4_4M1_TGGACTCA-CTGCGTGT_L001_R2_001.fastq	676234e13a135e8a60b7bcebf809d688;5572668143556c59c4981920c9b3ccde	ftp.sra.ebi.ac.uk/vol1/fastq/SRR323/004/SRR3231884/SRR3231884_1.fastq.gz;ftp.sra.ebi.ac.uk/vol1/fastq/SRR323/004/SRR3231884/SRR3231884_2.fastq.gz	4M_marine
SRR3231885	408172	marine metagenome	V4_4M2	V4_4M2_TGATTGAG-CTGCGTGT_L001_R2_001.fastq	348abf6e77b17139e410b42934eef4be;179209122645c7eb11a36c89a1ff4e16	ftp.sra.ebi.ac.uk/vol1/fastq/SRR323/005/SRR3231885/SRR3231885_1.fastq.gz;ftp.sra.ebi.ac.uk/vol1/fastq/SRR323/005/SRR3231885/SRR3231885_2.fastq.gz	4M_marine
SRR3231886	408172	marine metagenome	V4_4M3	V4_4M3_AGGCACTG-CTGCGTGT_L001_R2_001.fastq	2fcda8a5eb33d13572abaf75dff0d207;55bbda52ae6847ba104f92fef13835d6	ftp.sra.ebi.ac.uk/vol1/fastq/SRR323/006/SRR3231886/SRR3231886_1.fastq.gz;ftp.sra.ebi.ac.uk/vol1/fastq/SRR323/006/SRR3231886/SRR3231886_2.fastq.gz	4M_marine
SRR3231887	449393	freshwater metagenome	V4_5F2	V4_5F2_TGATTGAG-ATCGTACG_L001_R2_001.fastq	9a9ea3877489214a7ab3262761b3025a;b3203cb95684f3390732e06a544cc5d2	ftp.sra.ebi.ac.uk/vol1/fastq/SRR323/007/SRR3231887/SRR3231887_1.fastq.gz;ftp.sra.ebi.ac.uk/vol1/fastq/SRR323/007/SRR3231887/SRR3231887_2.fastq.gz	5F_freshwater
SRR3231888	408172	marine metagenome	V4_5M2	V4_5M2_GAGCAGGC-CTGCGTGT_L001_R2_001.fastq	54954c3018cf5ac7e9ae19f55c6bac8d;8a450934b2359805103dc1263beff350	ftp.sra.ebi.ac.uk/vol1/fastq/SRR323/008/SRR3231888/SRR3231888_1.fastq.gz;ftp.sra.ebi.ac.uk/vol1/fastq/SRR323/008/SRR3231888/SRR3231888_2.fastq.gz	5M_marine
SRR3231889	408172	marine metagenome	V4_5M3	V4_5M3_ACTACGAC-CTGCGTGT_L001_R1_001.fastq	66b38df1a4cf173f2d4ab2c18abeb3cf;3dae54d6ae20b13fa1367d0d1cf566cf	ftp.sra.ebi.ac.uk/vol1/fastq/SRR323/009/SRR3231889/SRR3231889_1.fastq.gz;ftp.sra.ebi.ac.uk/vol1/fastq/SRR323/009/SRR3231889/SRR3231889_2.fastq.gz	5M_marine
SRR3231890	1235509	synthetic metagenome	V4_MC11	V4_M1_1_CGAGAGTT-GGATATCT_L001_R1_001.fastq	05f55379f238152b0854ae094fd549d7;9531e2108f52a4e1a0f300b5fb167eb9	ftp.sra.ebi.ac.uk/vol1/fastq/SRR323/000/SRR3231890/SRR3231890_1.fastq.gz;ftp.sra.ebi.ac.uk/vol1/fastq/SRR323/000/SRR3231890/SRR3231890_2.fastq.gz	MC11
SRR3231891	1235509	synthetic metagenome	V4_MC12	V4_M1_2_AGACATAG-GGATATCT_L001_R1_001.fastq	ce2216c7dcd8d5fa2c7613c9ab30a7cf;68571d1f78c60d8547e51a6823d9cb17	ftp.sra.ebi.ac.uk/vol1/fastq/SRR323/001/SRR3231891/SRR3231891_1.fastq.gz;ftp.sra.ebi.ac.uk/vol1/fastq/SRR323/001/SRR3231891/SRR3231891_2.fastq.gz	MC12
SRR3231892	1235509	synthetic metagenome	V4_MC13	V4_M1_3_ACACGCTA-GGATATCT_L001_R2_001.fastq	a00d0853469043acb5caf264d5be190e;0435e3ab0f7a1b7e7865169087f96833	ftp.sra.ebi.ac.uk/vol1/fastq/SRR323/002/SRR3231892/SRR3231892_1.fastq.gz;ftp.sra.ebi.ac.uk/vol1/fastq/SRR323/002/SRR3231892/SRR3231892_2.fastq.gz	MC13
SRR3231893	1235509	synthetic metagenome	V4_MC21	V4_M2_1_TGGACTCA-GGATATCT_L001_R2_001.fastq	8a1c2aa7098312015bbcd8722de4ff93;1c9a049bb32d975f7a6fad3c43f707cd	ftp.sra.ebi.ac.uk/vol1/fastq/SRR323/003/SRR3231893/SRR3231893_1.fastq.gz;ftp.sra.ebi.ac.uk/vol1/fastq/SRR323/003/SRR3231893/SRR3231893_2.fastq.gz	MC21
SRR3231894	1235509	synthetic metagenome	V4_MC22	V4_M2_2_TGATTGAG-GGATATCT_L001_R1_001.fastq	a75150ec7c0a4fa48c0bc7ec42f2ed89;0b3b16f5f1002d10084ed3941918e335	ftp.sra.ebi.ac.uk/vol1/fastq/SRR323/004/SRR3231894/SRR3231894_1.fastq.gz;ftp.sra.ebi.ac.uk/vol1/fastq/SRR323/004/SRR3231894/SRR3231894_2.fastq.gz	MC22
SRR3231895	1235509	synthetic metagenome	V4_MC23	V4_M2_3_AGGCACTG-GGATATCT_L001_R2_001.fastq	bf37ffafe41730c66f3d0577b9776943;afb9919cfdf8395ce7edc3f23b46ef0d	ftp.sra.ebi.ac.uk/vol1/fastq/SRR323/005/SRR3231895/SRR3231895_1.fastq.gz;ftp.sra.ebi.ac.uk/vol1/fastq/SRR323/005/SRR3231895/SRR3231895_2.fastq.gz	MC23
SRR3231896	1235509	synthetic metagenome	V4_MC31	V4_M3_1_GCAGTCTA-GGATATCT_L001_R1_001.fastq	f73f771bdeac21509acfba137d1f20ef;fb99476e89d81811db52256e85381659	ftp.sra.ebi.ac.uk/vol1/fastq/SRR323/006/SRR3231896/SRR3231896_1.fastq.gz;ftp.sra.ebi.ac.uk/vol1/fastq/SRR323/006/SRR3231896/SRR3231896_2.fastq.gz	MC31
SRR3231897	1235509	synthetic metagenome	V4_MC32	V4_M3_2_GAGCAGGC-GGATATCT_L001_R1_001.fastq	8a2a1204fb44ab176036d4fdb38bcb87;04aa4c00c43648bdea0ff63d06ed31a8	ftp.sra.ebi.ac.uk/vol1/fastq/SRR323/007/SRR3231897/SRR3231897_1.fastq.gz;ftp.sra.ebi.ac.uk/vol1/fastq/SRR323/007/SRR3231897/SRR3231897_2.fastq.gz	MC32
SRR3231898	449393	freshwater metagenome	V4_5F3	V4_5F3_AGGCACTG-ATCGTACG_L001_R1_001.fastq	b7ac4e03d3bb096ad520af2a111d59b7;9c442c334fd70b2649bd51bc467463cd	ftp.sra.ebi.ac.uk/vol1/fastq/SRR323/008/SRR3231898/SRR3231898_1.fastq.gz;ftp.sra.ebi.ac.uk/vol1/fastq/SRR323/008/SRR3231898/SRR3231898_2.fastq.gz	5F_freshwater
SRR3231899	1235509	synthetic metagenome	V4_MC33	V4_M3_3_ACTACGAC-GGATATCT_L001_R1_001.fastq	06388150239d1c672ab8842fc98052db;17e5e6c807fff9cec311180a7019a377	ftp.sra.ebi.ac.uk/vol1/fastq/SRR323/009/SRR3231899/SRR3231899_1.fastq.gz;ftp.sra.ebi.ac.uk/vol1/fastq/SRR323/009/SRR3231899/SRR3231899_2.fastq.gz	MC33
SRR3231900	1235509	synthetic metagenome	V4_MC41	V4_M4_1_AGTCTGCT-GGATATCT_L001_R2_001.fastq	63d37031402a9053185ff587f8f5d920;b6305b18c05fb82aa5e448c9484a88d1	ftp.sra.ebi.ac.uk/vol1/fastq/SRR323/000/SRR3231900/SRR3231900_1.fastq.gz;ftp.sra.ebi.ac.uk/vol1/fastq/SRR323/000/SRR3231900/SRR3231900_2.fastq.gz	MC41
SRR3231901	1235509	synthetic metagenome	V4_MC42	V4_M4_2_ACGTCTAT-GGATATCT_L001_R1_001.fastq	d78d33d94f85106f38bcd69f389e18ca;104983122661d38affc7a0168ccb5e2c	ftp.sra.ebi.ac.uk/vol1/fastq/SRR323/001/SRR3231901/SRR3231901_1.fastq.gz;ftp.sra.ebi.ac.uk/vol1/fastq/SRR323/001/SRR3231901/SRR3231901_2.fastq.gz	MC42
SRR3231902	1235509	synthetic metagenome	V4_MC43	V4_M4_3_CGGTATAG-GGATATCT_L001_R2_001.fastq	d33c3eb96e3433e297032c2bb1a42bc6;5421609f91b33f40ca71afc030142f3b	ftp.sra.ebi.ac.uk/vol1/fastq/SRR323/002/SRR3231902/SRR3231902_1.fastq.gz;ftp.sra.ebi.ac.uk/vol1/fastq/SRR323/002/SRR3231902/SRR3231902_2.fastq.gz	MC43
SRR3231903	1235509	synthetic metagenome	V4_MC51	V4_M5_1_CGAGAGTT-GACACCGT_L001_R2_001.fastq	6a1f1b74d3cf33aab984ad61e208c807;63b2acfa17ce63ce864aadbb1af2708b	ftp.sra.ebi.ac.uk/vol1/fastq/SRR323/003/SRR3231903/SRR3231903_1.fastq.gz;ftp.sra.ebi.ac.uk/vol1/fastq/SRR323/003/SRR3231903/SRR3231903_2.fastq.gz	MC51
SRR3231904	1235509	synthetic metagenome	V4_MC52	V4_M5_2_AGACATAG-GACACCGT_L001_R1_001.fastq	90e6dc6bd2ea31cbd3158a4461918593;e2860466937a56c9518215c5e7ead667	ftp.sra.ebi.ac.uk/vol1/fastq/SRR323/004/SRR3231904/SRR3231904_1.fastq.gz;ftp.sra.ebi.ac.uk/vol1/fastq/SRR323/004/SRR3231904/SRR3231904_2.fastq.gz	MC52
SRR3231905	1235509	synthetic metagenome	V4_MC53	V4_M5_3_ACACGCTA-GACACCGT_L001_R1_001.fastq	22e1f77b5289598161570ffa9febe21d;fca5b7f07191985b840518f9b6e79212	ftp.sra.ebi.ac.uk/vol1/fastq/SRR323/005/SRR3231905/SRR3231905_1.fastq.gz;ftp.sra.ebi.ac.uk/vol1/fastq/SRR323/005/SRR3231905/SRR3231905_2.fastq.gz	MC53
SRR3231906	1235509	synthetic metagenome	V4_MC61	V4_M6_1_TGGACTCA-GACACCGT_L001_R2_001.fastq	7f98b27454cf1ecc3a41d97f22d3139b;bb003ce40c22fa6076fb08a5806bc069	ftp.sra.ebi.ac.uk/vol1/fastq/SRR323/006/SRR3231906/SRR3231906_1.fastq.gz;ftp.sra.ebi.ac.uk/vol1/fastq/SRR323/006/SRR3231906/SRR3231906_2.fastq.gz	MC61
SRR3231907	1235509	synthetic metagenome	V4_MC62	V4_M6_2_TGATTGAG-GACACCGT_L001_R2_001.fastq	a20c51279fa89a7b740e84ee015d41c3;39916ad90c4925e7e4fbb528f74f57f5	ftp.sra.ebi.ac.uk/vol1/fastq/SRR323/007/SRR3231907/SRR3231907_1.fastq.gz;ftp.sra.ebi.ac.uk/vol1/fastq/SRR323/007/SRR3231907/SRR3231907_2.fastq.gz	MC62
SRR3231908	1235509	synthetic metagenome	V4_MC63	V4_M6_3_AGGCACTG-GACACCGT_L001_R1_001.fastq	fb62a88607b22e8c1da2355d85b89499;58130c2cd5d46a63130fb9f0e0707f80	ftp.sra.ebi.ac.uk/vol1/fastq/SRR323/008/SRR3231908/SRR3231908_1.fastq.gz;ftp.sra.ebi.ac.uk/vol1/fastq/SRR323/008/SRR3231908/SRR3231908_2.fastq.gz	MC63
SRR3231909	449393	freshwater metagenome	V4_6F1	V4_6F1_GCAGTCTA-ATCGTACG_L001_R2_001.fastq	8a6dae92c7c029fb3d3bd482df6ed51d;dfe9730536ca393a7467fc32efb650f0	ftp.sra.ebi.ac.uk/vol1/fastq/SRR323/009/SRR3231909/SRR3231909_1.fastq.gz;ftp.sra.ebi.ac.uk/vol1/fastq/SRR323/009/SRR3231909/SRR3231909_2.fastq.gz	6F_freshwater
SRR3231910	1235509	synthetic metagenome	V4_MC71	V4_M7_1_GCAGTCTA-GACACCGT_L001_R2_001.fastq	f675dd49715b9ddfa596cb68a0b4feb6;0b4d3fd920b1e65fc2955e8d1cc4f868	ftp.sra.ebi.ac.uk/vol1/fastq/SRR323/000/SRR3231910/SRR3231910_1.fastq.gz;ftp.sra.ebi.ac.uk/vol1/fastq/SRR323/000/SRR3231910/SRR3231910_2.fastq.gz	MC71
SRR3231911	1235509	synthetic metagenome	V4_MC72	V4_M7_2_GAGCAGGC-GACACCGT_L001_R2_001.fastq	e53855f76b737d358a9a16b8c891178b;8ad03fd83fa87e62d6e3525ebf0f4180	ftp.sra.ebi.ac.uk/vol1/fastq/SRR323/001/SRR3231911/SRR3231911_1.fastq.gz;ftp.sra.ebi.ac.uk/vol1/fastq/SRR323/001/SRR3231911/SRR3231911_2.fastq.gz	MC72
SRR3231912	1235509	synthetic metagenome	V4_MC73	V4_M7_3_ACTACGAC-GACACCGT_L001_R2_001.fastq	23480cfe9c4c624e600089a24d7ea67b;49d6c616296442ed510b4cdc874ba324	ftp.sra.ebi.ac.uk/vol1/fastq/SRR323/002/SRR3231912/SRR3231912_1.fastq.gz;ftp.sra.ebi.ac.uk/vol1/fastq/SRR323/002/SRR3231912/SRR3231912_2.fastq.gz	MC73
SRR3231913	449393	freshwater metagenome	V8V9_4F1	V8V9_4F1_CTCGACTT-CTACTATA_L001_R2_001.fastq	05d454559322218b78e2e35c4dcf0a4b;abfb0ba5c9f0227c25131c1cfe65c480	ftp.sra.ebi.ac.uk/vol1/fastq/SRR323/003/SRR3231913/SRR3231913_1.fastq.gz;ftp.sra.ebi.ac.uk/vol1/fastq/SRR323/003/SRR3231913/SRR3231913_2.fastq.gz	4F_freshwater
SRR3231914	449393	freshwater metagenome	V8V9_4F2	V8V9_4F2_ACGAAGTA-CTACTATA_L001_R2_001.fastq	190bb89d79d9083e206cb69f524d147a;331c22c6f2eb8a1852d14ea5090f3c56	ftp.sra.ebi.ac.uk/vol1/fastq/SRR323/004/SRR3231914/SRR3231914_1.fastq.gz;ftp.sra.ebi.ac.uk/vol1/fastq/SRR323/004/SRR3231914/SRR3231914_2.fastq.gz	4F_freshwater
SRR3231915	449393	freshwater metagenome	V8V9_4F3	V8V9_4F3_ACTAGCAG-CTACTATA_L001_R1_001.fastq	3a32f94b172c3450dcd17683b8d5f6f1;b845b00f1c745a8919fd8ad4b29aefb0	ftp.sra.ebi.ac.uk/vol1/fastq/SRR323/005/SRR3231915/SRR3231915_1.fastq.gz;ftp.sra.ebi.ac.uk/vol1/fastq/SRR323/005/SRR3231915/SRR3231915_2.fastq.gz	4F_freshwater
SRR3231916	449393	freshwater metagenome	V8V9_5F1	V8V9_5F1_TTGTCTCT-CTACTATA_L001_R1_001.fastq	94b42c79553248d374b042c401995ef5;c74f40ee05fa784f0a7287b1be93fb62	ftp.sra.ebi.ac.uk/vol1/fastq/SRR323/006/SRR3231916/SRR3231916_1.fastq.gz;ftp.sra.ebi.ac.uk/vol1/fastq/SRR323/006/SRR3231916/SRR3231916_2.fastq.gz	5F_freshwater
SRR3231917	449393	freshwater metagenome	V8V9_5F2	V8V9_5F2_GGATGATC-CTACTATA_L001_R1_001.fastq	d7ca84e0ff80e950da9dd291af8f31b0;46d81b96952e1c969e92b20aec3f63e3	ftp.sra.ebi.ac.uk/vol1/fastq/SRR323/007/SRR3231917/SRR3231917_1.fastq.gz;ftp.sra.ebi.ac.uk/vol1/fastq/SRR323/007/SRR3231917/SRR3231917_2.fastq.gz	5F_freshwater
SRR3231918	449393	freshwater metagenome	V8V9_5F3	V8V9_5F3_TCATAGTA-CTACTATA_L001_R1_001.fastq	e9b7d1a11533d5a45e8d7fee0a263f0f;a24661c27550039d02fcb2e1301d5009	ftp.sra.ebi.ac.uk/vol1/fastq/SRR323/008/SRR3231918/SRR3231918_1.fastq.gz;ftp.sra.ebi.ac.uk/vol1/fastq/SRR323/008/SRR3231918/SRR3231918_2.fastq.gz	5F_freshwater
SRR3231919	449393	freshwater metagenome	V8V9_6F1	V8V9_6F1_GGACAGAC-CTACTATA_L001_R2_001.fastq	8cc613e5866aee2c1a0a1a0be9023499;576c8ec4ec2a3e3430198faafdc766c0	ftp.sra.ebi.ac.uk/vol1/fastq/SRR323/009/SRR3231919/SRR3231919_1.fastq.gz;ftp.sra.ebi.ac.uk/vol1/fastq/SRR323/009/SRR3231919/SRR3231919_2.fastq.gz	6F_freshwater
SRR3231920	449393	freshwater metagenome	V4_6F2	V4_6F2_GAGCAGGC-ATCGTACG_L001_R2_001.fastq	6ac75210b1a30b9ecf686bcc417879fc;8ebff925ce02d57ce8df41f17baaa2ec	ftp.sra.ebi.ac.uk/vol1/fastq/SRR323/000/SRR3231920/SRR3231920_1.fastq.gz;ftp.sra.ebi.ac.uk/vol1/fastq/SRR323/000/SRR3231920/SRR3231920_2.fastq.gz	6F_freshwater
SRR3231921	449393	freshwater metagenome	V8V9_6F2	V8V9_6F2_GGATAGTA-CTACTATA_L001_R1_001.fastq	e866b164695e15c7a6eeb2c2c45b0490;fa0d19093e1fec47fd136f9696baf534	ftp.sra.ebi.ac.uk/vol1/fastq/SRR323/001/SRR3231921/SRR3231921_1.fastq.gz;ftp.sra.ebi.ac.uk/vol1/fastq/SRR323/001/SRR3231921/SRR3231921_2.fastq.gz	6F_freshwater
SRR3231922	449393	freshwater metagenome	V8V9_6F3	V8V9_6F3_GCGTATAC-CTACTATA_L001_R1_001.fastq	c2aff9c7ced4d37ee1c36f3649b2705e;6b507e7a30ff84311baa14053bd54f8e	ftp.sra.ebi.ac.uk/vol1/fastq/SRR323/002/SRR3231922/SRR3231922_1.fastq.gz;ftp.sra.ebi.ac.uk/vol1/fastq/SRR323/002/SRR3231922/SRR3231922_2.fastq.gz	6F_freshwater
SRR3231923	527639	wastewater metagenome	V8V9_4W1	V8V9_4W1_CTCGACTT-CGTTACTA_L001_R1_001.fastq	1638521fb2a52c3c8a0da202d41fdbb7;e1043dceb817a2ff2c9e9481099d3134	ftp.sra.ebi.ac.uk/vol1/fastq/SRR323/003/SRR3231923/SRR3231923_1.fastq.gz;ftp.sra.ebi.ac.uk/vol1/fastq/SRR323/003/SRR3231923/SRR3231923_2.fastq.gz	4W_wastewater
SRR3231924	527639	wastewater metagenome	V8V9_4W2	V8V9_4W2_ACGAAGTA-CGTTACTA_L001_R2_001.fastq	8ad0345bffd606946ad1bff2f75247db;83b6ab921a8cbb55c487d9b983062964	ftp.sra.ebi.ac.uk/vol1/fastq/SRR323/004/SRR3231924/SRR3231924_1.fastq.gz;ftp.sra.ebi.ac.uk/vol1/fastq/SRR323/004/SRR3231924/SRR3231924_2.fastq.gz	4W_wastewater
SRR3231925	527639	wastewater metagenome	V8V9_4W3	V8V9_4W3_ACTAGCAG-CGTTACTA_L001_R2_001.fastq	bb5a20993eb26447c8d2f9fb689c4a21;89a896f5cf3314f2f0d74a5da820eb89	ftp.sra.ebi.ac.uk/vol1/fastq/SRR323/005/SRR3231925/SRR3231925_1.fastq.gz;ftp.sra.ebi.ac.uk/vol1/fastq/SRR323/005/SRR3231925/SRR3231925_2.fastq.gz	4W_wastewater
SRR3231926	527639	wastewater metagenome	V8V9_5W1	V8V9_5W1_TTGTCTCT-CGTTACTA_L001_R1_001.fastq	3c5dba82c928e6d5635829b80600f4ef;76d29f5de54185c78084882716efda1d	ftp.sra.ebi.ac.uk/vol1/fastq/SRR323/006/SRR3231926/SRR3231926_1.fastq.gz;ftp.sra.ebi.ac.uk/vol1/fastq/SRR323/006/SRR3231926/SRR3231926_2.fastq.gz	5W_wastewater
SRR3231927	527639	wastewater metagenome	V8V9_5W2	V8V9_5W2_GGATGATC-CGTTACTA_L001_R1_001.fastq	dced8a6333086bcf47b0d8197ecea595;5966a72a3583f6cdb673969aa7c7164e	ftp.sra.ebi.ac.uk/vol1/fastq/SRR323/007/SRR3231927/SRR3231927_1.fastq.gz;ftp.sra.ebi.ac.uk/vol1/fastq/SRR323/007/SRR3231927/SRR3231927_2.fastq.gz	5W_wastewater
SRR3231928	527639	wastewater metagenome	V8V9_5W3	V8V9_5W3_TCATAGTA-CGTTACTA_L001_R2_001.fastq	1e82d763f404340f0c9569284f11d136;957afc78888358fcec3668a99af55f9d	ftp.sra.ebi.ac.uk/vol1/fastq/SRR323/008/SRR3231928/SRR3231928_1.fastq.gz;ftp.sra.ebi.ac.uk/vol1/fastq/SRR323/008/SRR3231928/SRR3231928_2.fastq.gz	5W_wastewater
SRR3231929	527639	wastewater metagenome	V8V9_6W1	V8V9_6W1_GGACAGAC-CGTTACTA_L001_R2_001.fastq	a37b044da5786415a3520f99f239c3b7;f6e7ae6b33d2a96a1bc75a895d8fd516	ftp.sra.ebi.ac.uk/vol1/fastq/SRR323/009/SRR3231929/SRR3231929_1.fastq.gz;ftp.sra.ebi.ac.uk/vol1/fastq/SRR323/009/SRR3231929/SRR3231929_2.fastq.gz	6W_wastewater
SRR3231930	527639	wastewater metagenome	V8V9_6W2	V8V9_6W2_GGATAGTA-CGTTACTA_L001_R1_001.fastq	75c9a634abc66b543cea83f2d6c6d216;96f49de529638075009e757833b56679	ftp.sra.ebi.ac.uk/vol1/fastq/SRR323/000/SRR3231930/SRR3231930_1.fastq.gz;ftp.sra.ebi.ac.uk/vol1/fastq/SRR323/000/SRR3231930/SRR3231930_2.fastq.gz	6W_wastewater
SRR3231931	449393	freshwater metagenome	V4_6F3	V4_6F3_ACTACGAC-ATCGTACG_L001_R1_001.fastq	f6ac0dabe31e33ecf97b11d23c1bc224;676612557f43dd4c02fe4dc8df20dce0	ftp.sra.ebi.ac.uk/vol1/fastq/SRR323/001/SRR3231931/SRR3231931_1.fastq.gz;ftp.sra.ebi.ac.uk/vol1/fastq/SRR323/001/SRR3231931/SRR3231931_2.fastq.gz	6F_freshwater
SRR3231932	527639	wastewater metagenome	V8V9_6W3	V8V9_6W3_GCGTATAC-CGTTACTA_L001_R1_001.fastq	61ea3d2e130c3cbbcf94f945fd85faa7;48df84e5ac279ce5917dc06e455980a8	ftp.sra.ebi.ac.uk/vol1/fastq/SRR323/002/SRR3231932/SRR3231932_1.fastq.gz;ftp.sra.ebi.ac.uk/vol1/fastq/SRR323/002/SRR3231932/SRR3231932_2.fastq.gz	6W_wastewater
SRR3231933	527639	wastewater metagenome	V8V9_7W1	V8V9_7W1_ATGCTCGT-CGTTACTA_L001_R1_001.fastq	0c3b405545052defa4ce34b6976eaf93;b48c03f04630f9c079198ae7c4c1a847	ftp.sra.ebi.ac.uk/vol1/fastq/SRR323/003/SRR3231933/SRR3231933_1.fastq.gz;ftp.sra.ebi.ac.uk/vol1/fastq/SRR323/003/SRR3231933/SRR3231933_2.fastq.gz	7W_wastewater
SRR3231934	527639	wastewater metagenome	V8V9_7W2	V8V9_7W2_TGAACGCT-CGTTACTA_L001_R2_001.fastq	f6272b58e17e2b1948ded66cd2bf44e8;5a5e6e55750649e60b7fc7bda95e52d3	ftp.sra.ebi.ac.uk/vol1/fastq/SRR323/004/SRR3231934/SRR3231934_1.fastq.gz;ftp.sra.ebi.ac.uk/vol1/fastq/SRR323/004/SRR3231934/SRR3231934_2.fastq.gz	7W_wastewater
SRR3231935	527639	wastewater metagenome	V8V9_7W3	V8V9_7W3_ACTCGTAG-CGTTACTA_L001_R1_001.fastq	1434f1c5bb477cad6e45828eef2adddf;1740a042df6ac27091895ba6293d2372	ftp.sra.ebi.ac.uk/vol1/fastq/SRR323/005/SRR3231935/SRR3231935_1.fastq.gz;ftp.sra.ebi.ac.uk/vol1/fastq/SRR323/005/SRR3231935/SRR3231935_2.fastq.gz	7W_wastewater
SRR3231936	527639	wastewater metagenome	V8V9_8W1	V8V9_8W1_CTCGACTT-AGAGTCAC_L001_R1_001.fastq	e8ec6a97127a880ecc927440fe71855c;6fe72cb5229f15888af8ff5afa2684ad	ftp.sra.ebi.ac.uk/vol1/fastq/SRR323/006/SRR3231936/SRR3231936_1.fastq.gz;ftp.sra.ebi.ac.uk/vol1/fastq/SRR323/006/SRR3231936/SRR3231936_2.fastq.gz	8W_wastewater
SRR3231937	527639	wastewater metagenome	V8V9_8W2	V8V9_8W2_ACGAAGTA-AGAGTCAC_L001_R1_001.fastq	3bd7ece23a7c1594c1c6ebbd41ec4aba;edd68b744eefd7ec9b2cc55930be39f0	ftp.sra.ebi.ac.uk/vol1/fastq/SRR323/007/SRR3231937/SRR3231937_1.fastq.gz;ftp.sra.ebi.ac.uk/vol1/fastq/SRR323/007/SRR3231937/SRR3231937_2.fastq.gz	8W_wastewater
SRR3231938	527639	wastewater metagenome	V8V9_8W3	V8V9_8W3_ACTAGCAG-AGAGTCAC_L001_R1_001.fastq	0edcd882f38e4fc46bbea1024be4758e;729de96ab782842694a44accd9cba3ea	ftp.sra.ebi.ac.uk/vol1/fastq/SRR323/008/SRR3231938/SRR3231938_1.fastq.gz;ftp.sra.ebi.ac.uk/vol1/fastq/SRR323/008/SRR3231938/SRR3231938_2.fastq.gz	8W_wastewater
SRR3231939	527639	wastewater metagenome	V8V9_9W1	V8V9_9W1_TTGTCTCT-AGAGTCAC_L001_R1_001.fastq	df0767f0af79e5dd0ae7a480fd09dea9;5929d4e40e103f106e87dc03b2c1e220	ftp.sra.ebi.ac.uk/vol1/fastq/SRR323/009/SRR3231939/SRR3231939_1.fastq.gz;ftp.sra.ebi.ac.uk/vol1/fastq/SRR323/009/SRR3231939/SRR3231939_2.fastq.gz	9W_wastewater
SRR3231940	527639	wastewater metagenome	V8V9_9W2	V8V9_9W2_GGATGATC-AGAGTCAC_L001_R2_001.fastq	f2e1feab07a1c36b1c8a8672702567ef;93f27f7ceb62b8762a3086f75ffae8e9	ftp.sra.ebi.ac.uk/vol1/fastq/SRR323/000/SRR3231940/SRR3231940_1.fastq.gz;ftp.sra.ebi.ac.uk/vol1/fastq/SRR323/000/SRR3231940/SRR3231940_2.fastq.gz	9W_wastewater
SRR3231941	527639	wastewater metagenome	V8V9_9W3	V8V9_9W3_TCATAGTA-AGAGTCAC_L001_R2_001.fastq	cc310281887f0d4fe255a168daae0400;ab39e53ca283af41bb0fb388e224d9e9	ftp.sra.ebi.ac.uk/vol1/fastq/SRR323/001/SRR3231941/SRR3231941_1.fastq.gz;ftp.sra.ebi.ac.uk/vol1/fastq/SRR323/001/SRR3231941/SRR3231941_2.fastq.gz	9W_wastewater
SRR3231942	527639	wastewater metagenome	V4_3W1	V4_3W1_AGTCTGCT-ATCGTACG_L001_R2_001.fastq	839fb00aed98430b85d6782aac634360;734ed24e6d5c50f87971d2ebd4f2dd84	ftp.sra.ebi.ac.uk/vol1/fastq/SRR323/002/SRR3231942/SRR3231942_1.fastq.gz;ftp.sra.ebi.ac.uk/vol1/fastq/SRR323/002/SRR3231942/SRR3231942_2.fastq.gz	3W_wastewater
SRR3231943	527639	wastewater metagenome	V8V9_10W1	V8V9_10W1_GGACAGAC-AGAGTCAC_L001_R1_001.fastq	c2863e9f51be322361e9725eb3cb1142;92e3605747f0fe11c317a8220fcf2a41	ftp.sra.ebi.ac.uk/vol1/fastq/SRR323/003/SRR3231943/SRR3231943_1.fastq.gz;ftp.sra.ebi.ac.uk/vol1/fastq/SRR323/003/SRR3231943/SRR3231943_2.fastq.gz	10W_wastewater
SRR3231944	527639	wastewater metagenome	V8V9_10W2	V8V9_10W2_GGATAGTA-AGAGTCAC_L001_R2_001.fastq	5109ab6e08049cb033bc6695780bbed1;1ebe1fed76f890f98462f344bd3e1c81	ftp.sra.ebi.ac.uk/vol1/fastq/SRR323/004/SRR3231944/SRR3231944_1.fastq.gz;ftp.sra.ebi.ac.uk/vol1/fastq/SRR323/004/SRR3231944/SRR3231944_2.fastq.gz	10W_wastewater
SRR3231945	527639	wastewater metagenome	V8V9_10W3	V8V9_10W3_GCGTATAC-AGAGTCAC_L001_R1_001.fastq	39a8941552b1c69694a79acb050a1284;e7d37b4a063a12fa8d556fba59fd77b4	ftp.sra.ebi.ac.uk/vol1/fastq/SRR323/005/SRR3231945/SRR3231945_1.fastq.gz;ftp.sra.ebi.ac.uk/vol1/fastq/SRR323/005/SRR3231945/SRR3231945_2.fastq.gz	10W_wastewater
SRR3231946	408172	marine metagenome	V8V9_1M1	V8V9_1M1_ATGCTCGT-AGAGTCAC_L001_R2_001.fastq	240cbc9be491f0e8b470595ae3158ff8;06bab5876a6a48030420be5808646a75	ftp.sra.ebi.ac.uk/vol1/fastq/SRR323/006/SRR3231946/SRR3231946_1.fastq.gz;ftp.sra.ebi.ac.uk/vol1/fastq/SRR323/006/SRR3231946/SRR3231946_2.fastq.gz	1M_marine
SRR3231947	408172	marine metagenome	V8V9_1M2	V8V9_1M2_TGAACGCT-AGAGTCAC_L001_R2_001.fastq	12e16e28a990505e0a0b2ba528a39369;2f9d933d4f06ec7454522f004a06957c	ftp.sra.ebi.ac.uk/vol1/fastq/SRR323/007/SRR3231947/SRR3231947_1.fastq.gz;ftp.sra.ebi.ac.uk/vol1/fastq/SRR323/007/SRR3231947/SRR3231947_2.fastq.gz	1M_marine
SRR3231948	408172	marine metagenome	V8V9_2M1	V8V9_2M1_CTCGACTT-TACGAGAC_L001_R1_001.fastq	0162729b7da503e56894b9ca71dbc72f;1eddd1379e902b0c0fce4ac174fc3626	ftp.sra.ebi.ac.uk/vol1/fastq/SRR323/008/SRR3231948/SRR3231948_1.fastq.gz;ftp.sra.ebi.ac.uk/vol1/fastq/SRR323/008/SRR3231948/SRR3231948_2.fastq.gz	2M_marine
SRR3231949	408172	marine metagenome	V8V9_2M2	V8V9_2M2_ACGAAGTA-TACGAGAC_L001_R2_001.fastq	f3c4d7fb6b3c5b796a4f001894cfdeea;769b20424801f1ea5302e455bf21256b	ftp.sra.ebi.ac.uk/vol1/fastq/SRR323/009/SRR3231949/SRR3231949_1.fastq.gz;ftp.sra.ebi.ac.uk/vol1/fastq/SRR323/009/SRR3231949/SRR3231949_2.fastq.gz	2M_marine
SRR3231950	408172	marine metagenome	V8V9_2M3	V8V9_2M3_ACTAGCAG-TACGAGAC_L001_R2_001.fastq	e99996e3aa54a4bbddc2da44ad9099d2;5e0504ac0064f0a2d025e47531ede2ab	ftp.sra.ebi.ac.uk/vol1/fastq/SRR323/000/SRR3231950/SRR3231950_1.fastq.gz;ftp.sra.ebi.ac.uk/vol1/fastq/SRR323/000/SRR3231950/SRR3231950_2.fastq.gz	2M_marine
SRR3231951	408172	marine metagenome	V8V9_4M1	V8V9_4M1_TTGTCTCT-TACGAGAC_L001_R2_001.fastq	409555faada3cdc860c5d392d1d502ec;36cc715b380bad7e1fc53a8acc902b6d	ftp.sra.ebi.ac.uk/vol1/fastq/SRR323/001/SRR3231951/SRR3231951_1.fastq.gz;ftp.sra.ebi.ac.uk/vol1/fastq/SRR323/001/SRR3231951/SRR3231951_2.fastq.gz	4M_marine
SRR3231952	408172	marine metagenome	V8V9_4M2	V8V9_4M2_GGATGATC-TACGAGAC_L001_R2_001.fastq	268c9e8fadae2ea14d2fe25c7cc3f83f;73c6bb5bbdc8df866d3b3e91c2b8aad3	ftp.sra.ebi.ac.uk/vol1/fastq/SRR323/002/SRR3231952/SRR3231952_1.fastq.gz;ftp.sra.ebi.ac.uk/vol1/fastq/SRR323/002/SRR3231952/SRR3231952_2.fastq.gz	4M_marine
